Sumber,text,prepro
Billboard Hot 100,Choosin' Texas,choosin texa
Billboard Hot 100,Boston,boston
Billboard Hot 100,Hate That I Made You Love Me,hate made love
Billboard Hot 100,Dracula,dracula
Billboard Hot 100,BbY WOW,bbi wow
Billboard Hot 100,So Easy (To Fall In Love),easi fall love
Billboard Hot 100,Man I Need,man need
Billboard Hot 100,Last Thing You Need,last thing need
Billboard Hot 100,Nicole Kidman,nicol kidman
Billboard Hot 100,"I Knew It, I Knew You",knew knew
Billboard Hot 100,Stupid Song,stupid song
Billboard Hot 100,I Just Might,might
Billboard Hot 100,Risk It All,risk
Billboard Hot 100,Midnight Sun,midnight sun
Billboard Hot 100,I Can't Love You Anymore,love anymor
Billboard Hot 100,Babydoll,babydol
Billboard Hot 100,Janice STFU,janic stfu
Billboard Hot 100,Earrings,ear
Billboard Hot 100,Drop Dead,drop dead
Billboard Hot 100,Dead Fresh,dead fresh
Billboard Hot 100,Loving Life Again,love life
Billboard Hot 100,Jaded,jade
Billboard Hot 100,Loser,loser
Billboard Hot 100,Ain't In LA,la
Billboard Hot 100,The Cure,cure
Billboard Hot 100,What You Need,need
Billboard Hot 100,Animal,anim
Billboard Hot 100,Think As You Drunk,think drunk
Billboard Hot 100,Oh Yeah?,oh yeah
Billboard Hot 100,Mr. Know It All,mr know
Billboard Hot 100,Orbiter,orbit
Billboard Hot 100,Cinderella,cinderella
Billboard Hot 100,Take Me Back (Leave Me There),take back leav
Billboard Hot 100,Rethink Some Things,rethink thing
Billboard Hot 100,Dai Dai (FIFA World Cup Official Song 2026),dai dai fifa world cup offici song 2026
Billboard Hot 100,My Body Isn't Ready,bodi readi
Billboard Hot 100,AH HA,ah ha
Billboard Hot 100,Self Aware,self awar
Billboard Hot 100,Lush Life,lush life
Billboard Hot 100,Spend Dat,spend dat
Billboard Hot 100,So Good,good
Billboard Hot 100,September,septemb
Billboard Hot 100,Shabang,shabang
Billboard Hot 100,Morning Dew (Donk),morn dew donk
Billboard Hot 100,Bloodstream,bloodstream
Billboard Hot 100,Petal,petal
Billboard Hot 100,Freakin' Out,freakin
Billboard Hot 100,Carry On,carri
Billboard Hot 100,Bass Persuades,bass persuad
Billboard Hot 100,WTF GOIN,wtf goin
Billboard Hot 100,"Phone, Keys, Wallet",phone key wallet
Billboard Hot 100,Miss My Dawg,miss dawg
Billboard Hot 100,Rein Me In,rein
Billboard Hot 100,Something To Lose,someth lose
Billboard Hot 100,Great Expectation,great expect
Billboard Hot 100,Hit The Wall,hit wall
Billboard Hot 100,My Way,way
Billboard Hot 100,Kid Myself,kid
Billboard Hot 100,Sue Me,sue
Billboard Hot 100,Cowgirl,cowgirl
Billboard Hot 100,Ghetto Love Story,ghetto love stori
Billboard Hot 100,Empty Words,empti word
Billboard Hot 100,Mexico Honey,mexico honey
Billboard Hot 100,onsra,onsra
Billboard Hot 100,South Of Sanity,south saniti
Billboard Hot 100,McArthur,mcarthur
Billboard Hot 100,Noble,nobl
Billboard Hot 100,All My Exes,exe
Billboard Hot 100,The Feeling,feel
Billboard Hot 100,Chevy Silverado,chevi silverado
Billboard Hot 100,Another Drink,anoth drink
Billboard Hot 100,Country And She Knows It,countri know
Billboard Hot 100,Stop The Wedding!,stop wed
Billboard Hot 100,String By,string
Billboard Hot 100,Painted You Pretty,paint pretti
Billboard Hot 100,Get To Drinkin',get drinkin
Billboard Hot 100,Maggots For Brains,maggot brain
Billboard Hot 100,Joseph,joseph
Billboard Hot 100,Finders Keepers,finder keeper
Billboard Hot 100,RHYNO,rhyno
Billboard Hot 100,Honeybee,honeybe
Billboard Hot 100,Ahi,ahi
Billboard Hot 100,Hands Up,hand
Billboard Hot 100,God I'm Just Grateful,god grate
Billboard Hot 100,Say So,say
Billboard Hot 100,He Belongs,belong
Billboard Hot 100,Still,still
Billboard Hot 100,Duvet,duvet
Billboard Hot 100,Nothing,noth
Billboard Hot 100,Dope Girl,dope girl
Billboard Hot 100,Ghost,ghost
Billboard Hot 100,Bet On That,bet
Billboard Hot 100,Expectations,expect
Billboard Hot 100,Let’s Get Married,let get marri
Billboard Hot 100,Kingdom Of Fear,kingdom fear
iTunes API,Patient Zero,patient zero
iTunes API,Cleveland!,cleveland
iTunes API,Pink Clouding,pink cloud
iTunes API,Babylon,babylon
iTunes API,"I Knew It, I Knew You (From ""Toy Story 5"")",knew knew toy stori 5
iTunes API,Shake It Off,shake
iTunes API,...Ready For It?,readi
iTunes API,You Belong With Me,belong
iTunes API,Cruel Summer,cruel summer
iTunes API,Blank Space,blank space
iTunes API,Wildest Dreams,wildest dream
iTunes API,The Man,man
iTunes API,Lover,lover
iTunes API,Back to December,back decemb
